id,label,confidence,time_utc,image,track_id,meta
e709f434-3a6d-4dc1-8427-e23b8487ecf0,person,0.91,2025-11-12T00:12:23Z,/home/anas/drone_flood_ai/static/snapshots/person_e709f434-3a6d-4dc1-8427-e23b8487ecf0.jpg,1,
e5d7e114-2c47-4f6f-9bbd-8f35613d8769,person,0.7405272722244263,2025-11-11T19:11:47.200158Z,/home/anas/drone_flood_ai/static/snapshots/person_e5d7e114-2c47-4f6f-9bbd-8f35613d8769.jpg,1,
70d4b6a5-1a51-4a8e-92a3-d2ce4d186708,person,0.5691877603530884,2025-11-11T19:11:49.226594Z,/home/anas/drone_flood_ai/static/snapshots/person_70d4b6a5-1a51-4a8e-92a3-d2ce4d186708.jpg,1,
17012547-c31b-4c8b-849d-237279a94a0f,person,0.4944440424442291,2025-11-11T19:11:51.272557Z,/home/anas/drone_flood_ai/static/snapshots/person_17012547-c31b-4c8b-849d-237279a94a0f.jpg,1,
8df72365-18df-44ff-8eab-1281ba07cfce,person,0.5948148369789124,2025-11-11T19:11:53.322953Z,/home/anas/drone_flood_ai/static/snapshots/person_8df72365-18df-44ff-8eab-1281ba07cfce.jpg,1,
6086f1c1-d085-4069-a685-b18cb9152e79,person,0.6310614943504333,2025-11-11T19:11:55.510169Z,/home/anas/drone_flood_ai/static/snapshots/person_6086f1c1-d085-4069-a685-b18cb9152e79.jpg,1,
b755e047-27a4-4596-b8f3-948e38a1cad1,person,0.7744098901748657,2025-11-11T19:11:57.580740Z,/home/anas/drone_flood_ai/static/snapshots/person_b755e047-27a4-4596-b8f3-948e38a1cad1.jpg,1,
123648b6-dbc7-4d34-a842-da179ec31890,person,0.8069782853126526,2025-11-11T19:11:59.650554Z,/home/anas/drone_flood_ai/static/snapshots/person_123648b6-dbc7-4d34-a842-da179ec31890.jpg,1,
f11839cb-66ed-41ec-b65f-aa30dbad5aa1,person,0.7235664129257202,2025-11-11T19:12:01.655746Z,/home/anas/drone_flood_ai/static/snapshots/person_f11839cb-66ed-41ec-b65f-aa30dbad5aa1.jpg,1,
711526e0-d482-480b-b7f8-39aeef03b746,person,0.6346889734268188,2025-11-11T19:12:03.724904Z,/home/anas/drone_flood_ai/static/snapshots/person_711526e0-d482-480b-b7f8-39aeef03b746.jpg,1,
4f328920-eb07-44d1-af81-a52e24aab869,person,0.8082675337791443,2025-11-11T19:12:05.735735Z,/home/anas/drone_flood_ai/static/snapshots/person_4f328920-eb07-44d1-af81-a52e24aab869.jpg,1,
42c9f4bb-916f-4fe9-82af-a5049f56b807,person,0.6756556034088135,2025-11-11T19:15:41.840598Z,/home/anas/drone_flood_ai/static/snapshots/person_42c9f4bb-916f-4fe9-82af-a5049f56b807.jpg,1,
6e269aa5-014d-446c-86db-e1d00526ae04,person,0.5726619362831116,2025-11-11T19:15:43.868860Z,/home/anas/drone_flood_ai/static/snapshots/person_6e269aa5-014d-446c-86db-e1d00526ae04.jpg,1,
83cf991c-383e-452f-a836-45a0d2e79928,person,0.6431362628936768,2025-11-11T19:15:45.945551Z,/home/anas/drone_flood_ai/static/snapshots/person_83cf991c-383e-452f-a836-45a0d2e79928.jpg,1,
c67c17d0-cc5a-4383-b708-d11279e8bf18,person,0.6192060708999634,2025-11-11T19:15:48.041649Z,/home/anas/drone_flood_ai/static/snapshots/person_c67c17d0-cc5a-4383-b708-d11279e8bf18.jpg,1,
3033e319-dd51-4c10-9e8e-7c1dcfb911a2,person,0.6736218333244324,2025-11-11T19:15:50.099148Z,/home/anas/drone_flood_ai/static/snapshots/person_3033e319-dd51-4c10-9e8e-7c1dcfb911a2.jpg,1,
a35f9a9a-e2a0-4b88-ae0a-759d657cb81e,person,0.420195996761322,2025-11-11T19:15:52.160150Z,/home/anas/drone_flood_ai/static/snapshots/person_a35f9a9a-e2a0-4b88-ae0a-759d657cb81e.jpg,1,
c764ca39-b34c-448d-9172-db883a4dad59,person,0.4697183072566986,2025-11-11T19:15:54.187120Z,/home/anas/drone_flood_ai/static/snapshots/person_c764ca39-b34c-448d-9172-db883a4dad59.jpg,1,
3e91a7e4-6164-440c-aa5c-25a25ba36dbc,person,0.46957993507385254,2025-11-11T19:15:56.205402Z,/home/anas/drone_flood_ai/static/snapshots/person_3e91a7e4-6164-440c-aa5c-25a25ba36dbc.jpg,1,
3ba1791d-a979-4f02-a702-f9a825d944ee,person,0.4545375108718872,2025-11-11T19:15:58.234350Z,/home/anas/drone_flood_ai/static/snapshots/person_3ba1791d-a979-4f02-a702-f9a825d944ee.jpg,1,
07b33c08-3421-4a53-9cf9-1a2cca3c3704,person,0.8530778288841248,2025-11-11T19:17:45.832685Z,/home/anas/drone_flood_ai/static/snapshots/person_07b33c08-3421-4a53-9cf9-1a2cca3c3704.jpg,1,
e255d952-4605-411e-b6bc-c849cb5437d0,person,0.7957690358161926,2025-11-11T19:17:47.908687Z,/home/anas/drone_flood_ai/static/snapshots/person_e255d952-4605-411e-b6bc-c849cb5437d0.jpg,1,
0af43a50-c52f-41cf-b2bf-d00648d92633,person,0.8256510496139526,2025-11-11T19:17:49.967313Z,/home/anas/drone_flood_ai/static/snapshots/person_0af43a50-c52f-41cf-b2bf-d00648d92633.jpg,1,
e2580254-bc6d-468a-9b5d-2fc4e81b7534,person,0.8381925821304321,2025-11-11T19:17:51.972156Z,/home/anas/drone_flood_ai/static/snapshots/person_e2580254-bc6d-468a-9b5d-2fc4e81b7534.jpg,1,
ace43061-9ada-4ba7-b841-920e5d112f75,person,0.6679615378379822,2025-11-11T19:17:54.107614Z,/home/anas/drone_flood_ai/static/snapshots/person_ace43061-9ada-4ba7-b841-920e5d112f75.jpg,1,
8cfe9fef-c8f3-4c87-87ac-1fce8c5df841,person,0.7827856540679932,2025-11-11T19:17:56.193109Z,/home/anas/drone_flood_ai/static/snapshots/person_8cfe9fef-c8f3-4c87-87ac-1fce8c5df841.jpg,1,
30c27222-7914-46c3-9e11-747e6c78f4e8,person,0.7004966139793396,2025-11-11T19:17:58.247691Z,/home/anas/drone_flood_ai/static/snapshots/person_30c27222-7914-46c3-9e11-747e6c78f4e8.jpg,1,
93aac56d-155d-4d24-ac2f-d7670287e948,person,0.7901713252067566,2025-11-11T19:18:00.272206Z,/home/anas/drone_flood_ai/static/snapshots/person_93aac56d-155d-4d24-ac2f-d7670287e948.jpg,1,
c9bdc57b-189a-4e2c-a539-7727d93fea85,person,0.7721579074859619,2025-11-11T19:18:02.281231Z,/home/anas/drone_flood_ai/static/snapshots/person_c9bdc57b-189a-4e2c-a539-7727d93fea85.jpg,1,
36993893-b59e-45e7-aa92-9a12aa376f11,person,0.790038526058197,2025-11-11T19:18:04.388247Z,/home/anas/drone_flood_ai/static/snapshots/person_36993893-b59e-45e7-aa92-9a12aa376f11.jpg,1,
7ab866c2-7029-4c3d-bf9c-9e66b7389930,person,0.8531997799873352,2025-11-11T19:18:06.490759Z,/home/anas/drone_flood_ai/static/snapshots/person_7ab866c2-7029-4c3d-bf9c-9e66b7389930.jpg,1,
1ef1d92b-2acf-4c23-b876-e55ee4ff43cf,person,0.8219679594039917,2025-11-11T19:18:08.494969Z,/home/anas/drone_flood_ai/static/snapshots/person_1ef1d92b-2acf-4c23-b876-e55ee4ff43cf.jpg,1,
7caa9ebe-da24-46af-80b6-ad6d297fd75f,person,0.8408237099647522,2025-11-11T19:21:19.413787Z,/home/anas/drone_flood_ai/static/snapshots/person_7caa9ebe-da24-46af-80b6-ad6d297fd75f.jpg,1,
5158821a-3a9b-4919-81be-daf63b0ca925,person,0.8360986709594727,2025-11-11T19:21:22.044856Z,/home/anas/drone_flood_ai/static/snapshots/person_5158821a-3a9b-4919-81be-daf63b0ca925.jpg,1,
e449c1e0-a60b-4a4c-a42e-44d010e8b295,person,0.8280966281890869,2025-11-11T19:21:24.128679Z,/home/anas/drone_flood_ai/static/snapshots/person_e449c1e0-a60b-4a4c-a42e-44d010e8b295.jpg,1,
1ac9b7d9-2b26-47c9-b283-3e73e8100486,person,0.8314826488494873,2025-11-11T19:21:26.272780Z,/home/anas/drone_flood_ai/static/snapshots/person_1ac9b7d9-2b26-47c9-b283-3e73e8100486.jpg,1,
c30aa8e4-c751-45ae-ba39-e41d78ef8694,person,0.8397204875946045,2025-11-11T19:21:28.377930Z,/home/anas/drone_flood_ai/static/snapshots/person_c30aa8e4-c751-45ae-ba39-e41d78ef8694.jpg,1,
160e44c8-c5f2-4022-97e2-dcf70df88bcf,person,0.8804486989974976,2025-11-11T19:21:30.600790Z,/home/anas/drone_flood_ai/static/snapshots/person_160e44c8-c5f2-4022-97e2-dcf70df88bcf.jpg,1,
c2f47591-4160-42c6-a92f-15c1f786f8c4,person,0.8750768899917603,2025-11-11T19:21:32.632831Z,/home/anas/drone_flood_ai/static/snapshots/person_c2f47591-4160-42c6-a92f-15c1f786f8c4.jpg,1,
1e83fa16-7b5b-4524-a252-9874adb03f40,person,0.85300612449646,2025-11-11T19:21:34.699741Z,/home/anas/drone_flood_ai/static/snapshots/person_1e83fa16-7b5b-4524-a252-9874adb03f40.jpg,1,
e9e2f29b-1c25-40d0-9c4b-bb87a36202fb,person,0.42173856496810913,2025-11-11T19:21:35.519826Z,/home/anas/drone_flood_ai/static/snapshots/person_e9e2f29b-1c25-40d0-9c4b-bb87a36202fb.jpg,2,
736d789c-94a0-49f6-b5ce-0e4db6b9991a,person,0.7085078358650208,2025-11-11T19:21:36.827797Z,/home/anas/drone_flood_ai/static/snapshots/person_736d789c-94a0-49f6-b5ce-0e4db6b9991a.jpg,1,
85c7ec90-42fa-470a-9ace-3fbfa3f5c5e4,person,0.4936703145503998,2025-11-11T19:21:37.575666Z,/home/anas/drone_flood_ai/static/snapshots/person_85c7ec90-42fa-470a-9ace-3fbfa3f5c5e4.jpg,4,
da0d75c0-5d73-4d1d-aea6-1c6e902cc936,person,0.5164145231246948,2025-11-11T19:21:37.993235Z,/home/anas/drone_flood_ai/static/snapshots/person_da0d75c0-5d73-4d1d-aea6-1c6e902cc936.jpg,2,
133e4f4a-b37e-4ead-aa8c-9403502cb170,person,0.610414981842041,2025-11-11T19:21:38.895701Z,/home/anas/drone_flood_ai/static/snapshots/person_133e4f4a-b37e-4ead-aa8c-9403502cb170.jpg,1,
05b0c35b-ac5b-4899-afef-486948b10f1a,person,0.5058543682098389,2025-11-11T19:21:40.279212Z,/home/anas/drone_flood_ai/static/snapshots/person_05b0c35b-ac5b-4899-afef-486948b10f1a.jpg,4,
ccbf00b7-af25-4d9b-9858-a8d9e3b1aac3,person,0.8084478974342346,2025-11-11T19:21:40.985117Z,/home/anas/drone_flood_ai/static/snapshots/person_ccbf00b7-af25-4d9b-9858-a8d9e3b1aac3.jpg,1,
a34b2ae3-3902-4f2e-bebd-b783754695e2,person,0.6540195941925049,2025-11-11T19:21:43.021530Z,/home/anas/drone_flood_ai/static/snapshots/person_a34b2ae3-3902-4f2e-bebd-b783754695e2.jpg,1,
0fa8f068-5f33-46bd-a029-75549e8996d2,person,0.4124338626861572,2025-11-11T19:21:45.232787Z,/home/anas/drone_flood_ai/static/snapshots/person_0fa8f068-5f33-46bd-a029-75549e8996d2.jpg,11,
0ca2c92a-e31d-47dc-be4e-5b011f642fff,dog,0.5704853534698486,2025-11-11T19:21:45.245105Z,/home/anas/drone_flood_ai/static/snapshots/dog_0ca2c92a-e31d-47dc-be4e-5b011f642fff.jpg,1,
473e8505-a833-48aa-8340-c678629bf4d6,person,0.7590318918228149,2025-11-11T19:21:47.345453Z,/home/anas/drone_flood_ai/static/snapshots/person_473e8505-a833-48aa-8340-c678629bf4d6.jpg,1,
82358f45-2457-44eb-b62b-a4fea7152ad4,person,0.7649414539337158,2025-11-11T19:21:49.399653Z,/home/anas/drone_flood_ai/static/snapshots/person_82358f45-2457-44eb-b62b-a4fea7152ad4.jpg,1,
b6c4b36e-0a6e-4dbe-a686-2699d175e38e,person,0.45090150833129883,2025-11-11T19:21:50.338302Z,/home/anas/drone_flood_ai/static/snapshots/person_b6c4b36e-0a6e-4dbe-a686-2699d175e38e.jpg,18,
0863ba73-369a-41f3-9013-4cb98f2ff245,person,0.7903621792793274,2025-11-11T19:21:51.403469Z,/home/anas/drone_flood_ai/static/snapshots/person_0863ba73-369a-41f3-9013-4cb98f2ff245.jpg,1,
67efbe4c-9bdc-4334-8e90-eff11407bcee,person,0.42067959904670715,2025-11-11T19:21:52.405577Z,/home/anas/drone_flood_ai/static/snapshots/person_67efbe4c-9bdc-4334-8e90-eff11407bcee.jpg,18,
52e2e4d1-b0fb-455d-9455-7349f957db82,person,0.7176100015640259,2025-11-11T19:21:53.474530Z,/home/anas/drone_flood_ai/static/snapshots/person_52e2e4d1-b0fb-455d-9455-7349f957db82.jpg,1,
1b90e26c-2f36-4d59-8b4c-93e7e31d9635,person,0.4057866036891937,2025-11-11T19:21:54.512508Z,/home/anas/drone_flood_ai/static/snapshots/person_1b90e26c-2f36-4d59-8b4c-93e7e31d9635.jpg,18,
94c9f94b-ee2a-4199-ba3f-e4f87f04b026,person,0.6357212662696838,2025-11-11T19:21:55.565498Z,/home/anas/drone_flood_ai/static/snapshots/person_94c9f94b-ee2a-4199-ba3f-e4f87f04b026.jpg,1,
f8e95a03-ca72-4151-b1aa-b01c76e52546,person,0.49692294001579285,2025-11-11T19:21:56.554162Z,/home/anas/drone_flood_ai/static/snapshots/person_f8e95a03-ca72-4151-b1aa-b01c76e52546.jpg,18,
6a329991-483b-4c7d-9016-4ea90c365252,person,0.6827263832092285,2025-11-11T19:21:57.680528Z,/home/anas/drone_flood_ai/static/snapshots/person_6a329991-483b-4c7d-9016-4ea90c365252.jpg,1,
a2c3f178-b8be-4455-b048-f3ac4c42a321,person,0.5217599272727966,2025-11-11T19:21:58.584331Z,/home/anas/drone_flood_ai/static/snapshots/person_a2c3f178-b8be-4455-b048-f3ac4c42a321.jpg,18,
61ff2cab-5544-4b8e-8067-689bce59ef0c,person,0.7416544556617737,2025-11-11T19:21:59.754275Z,/home/anas/drone_flood_ai/static/snapshots/person_61ff2cab-5544-4b8e-8067-689bce59ef0c.jpg,1,
620d078d-f47d-4ec8-9ec4-977fbbbc6498,person,0.6782119274139404,2025-11-11T19:22:00.992569Z,/home/anas/drone_flood_ai/static/snapshots/person_620d078d-f47d-4ec8-9ec4-977fbbbc6498.jpg,18,
4f4096bd-cc33-4b7e-a1bc-6ebfc115a467,person,0.7446261048316956,2025-11-11T19:22:01.776078Z,/home/anas/drone_flood_ai/static/snapshots/person_4f4096bd-cc33-4b7e-a1bc-6ebfc115a467.jpg,1,
a86e0589-9426-44ce-a7b1-3fb8f3bc862a,person,0.6199030876159668,2025-11-11T19:22:02.994835Z,/home/anas/drone_flood_ai/static/snapshots/person_a86e0589-9426-44ce-a7b1-3fb8f3bc862a.jpg,18,
a1787c84-615d-46a4-ad78-e6296ef988a9,person,0.6359283924102783,2025-11-11T19:22:03.850371Z,/home/anas/drone_flood_ai/static/snapshots/person_a1787c84-615d-46a4-ad78-e6296ef988a9.jpg,1,
c1e9bd58-9c27-4b29-b42c-69d099e701eb,person,0.5995031595230103,2025-11-11T19:22:05.344987Z,/home/anas/drone_flood_ai/static/snapshots/person_c1e9bd58-9c27-4b29-b42c-69d099e701eb.jpg,18,
c101536e-89be-4059-b11c-50b617e345a3,person,0.5798184275627136,2025-11-11T19:22:05.937106Z,/home/anas/drone_flood_ai/static/snapshots/person_c101536e-89be-4059-b11c-50b617e345a3.jpg,1,
013de1e0-d018-4668-807f-32867684bd67,person,0.4856322705745697,2025-11-11T19:22:07.433580Z,/home/anas/drone_flood_ai/static/snapshots/person_013de1e0-d018-4668-807f-32867684bd67.jpg,18,
9c62aeb3-2b8c-42e9-b1b9-f185e39b4ad7,person,0.6601572632789612,2025-11-11T19:22:08.034887Z,/home/anas/drone_flood_ai/static/snapshots/person_9c62aeb3-2b8c-42e9-b1b9-f185e39b4ad7.jpg,1,
fa9029df-70df-4082-a739-09eff764b26b,person,0.5619897842407227,2025-11-11T19:22:09.545993Z,/home/anas/drone_flood_ai/static/snapshots/person_fa9029df-70df-4082-a739-09eff764b26b.jpg,18,
51e90f37-1598-4da7-9ecd-e345b518fd5e,person,0.7430243492126465,2025-11-11T19:22:10.077805Z,/home/anas/drone_flood_ai/static/snapshots/person_51e90f37-1598-4da7-9ecd-e345b518fd5e.jpg,1,
21ae92c2-c577-4aec-b91b-b041a4885a3e,person,0.5433952808380127,2025-11-11T19:22:11.377120Z,/home/anas/drone_flood_ai/static/snapshots/person_21ae92c2-c577-4aec-b91b-b041a4885a3e.jpg,22,
84b5dba2-d04c-4499-93ae-d5e05522bb7e,person,0.47946733236312866,2025-11-11T19:22:12.271633Z,/home/anas/drone_flood_ai/static/snapshots/person_84b5dba2-d04c-4499-93ae-d5e05522bb7e.jpg,1,
4e8ba639-b727-42ce-9ee2-a08f0a0b070c,person,0.859890341758728,2025-11-11T19:22:15.375760Z,/home/anas/drone_flood_ai/static/snapshots/person_4e8ba639-b727-42ce-9ee2-a08f0a0b070c.jpg,1,
a60ef5af-65b5-491b-a424-865feb1065b2,person,0.7987456917762756,2025-11-11T19:22:17.698211Z,/home/anas/drone_flood_ai/static/snapshots/person_a60ef5af-65b5-491b-a424-865feb1065b2.jpg,1,
b092517a-a26c-45b5-883c-3ab52b8d384c,person,0.8105988502502441,2025-11-11T19:22:19.724623Z,/home/anas/drone_flood_ai/static/snapshots/person_b092517a-a26c-45b5-883c-3ab52b8d384c.jpg,1,
150ddb18-9d29-480a-b035-1eaf2441a1c1,person,0.8784352540969849,2025-11-11T19:22:21.825223Z,/home/anas/drone_flood_ai/static/snapshots/person_150ddb18-9d29-480a-b035-1eaf2441a1c1.jpg,1,
c010fb3c-bb3e-4c09-84f6-54cfb7658de1,person,0.42879518866539,2025-11-11T19:22:23.286440Z,/home/anas/drone_flood_ai/static/snapshots/person_c010fb3c-bb3e-4c09-84f6-54cfb7658de1.jpg,26,
4c98ac92-2046-4f6a-979b-2039df6e870d,person,0.739927351474762,2025-11-11T19:22:23.938341Z,/home/anas/drone_flood_ai/static/snapshots/person_4c98ac92-2046-4f6a-979b-2039df6e870d.jpg,1,
620f0dc4-9cfe-4808-a7ab-4931ba41d3ac,person,0.8486712574958801,2025-11-11T19:22:26.028736Z,/home/anas/drone_flood_ai/static/snapshots/person_620f0dc4-9cfe-4808-a7ab-4931ba41d3ac.jpg,1,
e3e35ca7-108b-48ef-839a-a2e5288af9c3,person,0.8059592843055725,2025-11-11T19:22:28.158901Z,/home/anas/drone_flood_ai/static/snapshots/person_e3e35ca7-108b-48ef-839a-a2e5288af9c3.jpg,1,
652cf216-ee2f-4088-a918-c86c2ae996fb,person,0.8558900952339172,2025-11-11T19:22:30.235811Z,/home/anas/drone_flood_ai/static/snapshots/person_652cf216-ee2f-4088-a918-c86c2ae996fb.jpg,1,
807ab902-e069-4175-97f7-ea56eec6a57a,person,0.7481616139411926,2025-11-11T19:22:32.449795Z,/home/anas/drone_flood_ai/static/snapshots/person_807ab902-e069-4175-97f7-ea56eec6a57a.jpg,1,
d776bab6-d4c7-498b-a4dc-e71c8345e97d,person,0.8491182327270508,2025-11-11T19:22:34.615569Z,/home/anas/drone_flood_ai/static/snapshots/person_d776bab6-d4c7-498b-a4dc-e71c8345e97d.jpg,1,
b1e8f97b-c326-42be-bdf8-1030cdd704b2,person,0.8169808387756348,2025-11-11T19:22:36.614508Z,/home/anas/drone_flood_ai/static/snapshots/person_b1e8f97b-c326-42be-bdf8-1030cdd704b2.jpg,1,
e7519579-f3ea-4a93-a9e6-c3e6687ca425,person,0.8785864114761353,2025-11-11T19:22:38.686676Z,/home/anas/drone_flood_ai/static/snapshots/person_e7519579-f3ea-4a93-a9e6-c3e6687ca425.jpg,1,
945fe637-b614-4ec0-bda6-e63419867147,person,0.8562875390052795,2025-11-11T19:22:40.769234Z,/home/anas/drone_flood_ai/static/snapshots/person_945fe637-b614-4ec0-bda6-e63419867147.jpg,1,
7b538d29-5266-4d6b-9206-d50c987f7162,person,0.7318505644798279,2025-11-11T19:22:42.800256Z,/home/anas/drone_flood_ai/static/snapshots/person_7b538d29-5266-4d6b-9206-d50c987f7162.jpg,1,
d52fef36-3b35-4e61-b9c8-9ce815d64aea,person,0.8325822949409485,2025-11-11T19:22:45.179174Z,/home/anas/drone_flood_ai/static/snapshots/person_d52fef36-3b35-4e61-b9c8-9ce815d64aea.jpg,1,
5afeb5c3-0c2b-404f-bc4f-111620f7f8e9,person,0.43252238631248474,2025-11-11T19:22:47.291695Z,/home/anas/drone_flood_ai/static/snapshots/person_5afeb5c3-0c2b-404f-bc4f-111620f7f8e9.jpg,1,
2a030c5b-22a2-492e-8458-a272f293e757,person,0.4019169211387634,2025-11-11T19:22:50.342450Z,/home/anas/drone_flood_ai/static/snapshots/person_2a030c5b-22a2-492e-8458-a272f293e757.jpg,1,
15380b51-f2da-4556-94a2-1d8311ef88d0,person,0.4246084690093994,2025-11-11T19:22:52.621378Z,/home/anas/drone_flood_ai/static/snapshots/person_15380b51-f2da-4556-94a2-1d8311ef88d0.jpg,1,
b041d6ee-9db3-46c1-a92a-6f3b56bd5ff0,person,0.499835729598999,2025-11-11T19:22:54.851200Z,/home/anas/drone_flood_ai/static/snapshots/person_b041d6ee-9db3-46c1-a92a-6f3b56bd5ff0.jpg,1,
e4334487-5fe7-4b8d-ba88-c98194170fbd,person,0.5324139595031738,2025-11-11T19:22:58.276831Z,/home/anas/drone_flood_ai/static/snapshots/person_e4334487-5fe7-4b8d-ba88-c98194170fbd.jpg,1,
5630728c-ee60-4c34-88e3-c03473044a7b,person,0.49610477685928345,2025-11-11T19:23:00.672601Z,/home/anas/drone_flood_ai/static/snapshots/person_5630728c-ee60-4c34-88e3-c03473044a7b.jpg,1,
358aa7bb-1452-4b4a-9964-a5fa09e054e9,person,0.6303018927574158,2025-11-11T19:23:04.197953Z,/home/anas/drone_flood_ai/static/snapshots/person_358aa7bb-1452-4b4a-9964-a5fa09e054e9.jpg,1,
90b23e49-bcb0-4427-b5c0-ae1441a7e6f8,person,0.5655794739723206,2025-11-11T19:23:07.500866Z,/home/anas/drone_flood_ai/static/snapshots/person_90b23e49-bcb0-4427-b5c0-ae1441a7e6f8.jpg,1,
8fa50820-9c4c-47b0-93cc-b801b10856c1,person,0.42079317569732666,2025-11-11T19:23:08.434568Z,/home/anas/drone_flood_ai/static/snapshots/person_8fa50820-9c4c-47b0-93cc-b801b10856c1.jpg,0,
af855c89-c81d-4772-aa67-e85fe2787f8c,person,0.5547227263450623,2025-11-11T19:23:08.706345Z,/home/anas/drone_flood_ai/static/snapshots/person_af855c89-c81d-4772-aa67-e85fe2787f8c.jpg,31,
ecab5dc6-c6bd-4894-b11b-72a6dc9b333c,person,0.5212693810462952,2025-11-11T19:23:10.928095Z,/home/anas/drone_flood_ai/static/snapshots/person_ecab5dc6-c6bd-4894-b11b-72a6dc9b333c.jpg,31,
34ba8c72-9993-46ff-afd1-f2de2cfcb2d2,person,0.5474997758865356,2025-11-11T19:23:13.017131Z,/home/anas/drone_flood_ai/static/snapshots/person_34ba8c72-9993-46ff-afd1-f2de2cfcb2d2.jpg,31,
f1b245ac-769b-40e9-ad9e-3bfc07e143ea,person,0.7347791790962219,2025-11-11T19:23:15.067482Z,/home/anas/drone_flood_ai/static/snapshots/person_f1b245ac-769b-40e9-ad9e-3bfc07e143ea.jpg,31,
fbecd4b4-86d1-46fe-a0c4-cc7f286c00c7,person,0.7932599186897278,2025-11-11T19:23:16.368642Z,/home/anas/drone_flood_ai/static/snapshots/person_fbecd4b4-86d1-46fe-a0c4-cc7f286c00c7.jpg,1,
a708d39e-d01e-4ea4-8ffc-fe97a3db8306,person,0.4848497807979584,2025-11-11T19:23:18.562087Z,/home/anas/drone_flood_ai/static/snapshots/person_a708d39e-d01e-4ea4-8ffc-fe97a3db8306.jpg,1,
4845aa0b-b3e7-4329-a8ac-cf2947537040,person,0.5203507542610168,2025-11-11T19:23:20.656354Z,/home/anas/drone_flood_ai/static/snapshots/person_4845aa0b-b3e7-4329-a8ac-cf2947537040.jpg,1,
f8804a5b-8c68-4aaa-9741-f5bbf7690846,person,0.42739439010620117,2025-11-11T19:23:22.180155Z,/home/anas/drone_flood_ai/static/snapshots/person_f8804a5b-8c68-4aaa-9741-f5bbf7690846.jpg,31,
f72f7652-d738-46f9-b0ba-6b8b5aace2c2,person,0.5120443105697632,2025-11-11T19:23:22.835788Z,/home/anas/drone_flood_ai/static/snapshots/person_f72f7652-d738-46f9-b0ba-6b8b5aace2c2.jpg,1,
e5863c09-be9f-40ce-b760-fccb10a192ae,person,0.5270702242851257,2025-11-11T19:23:23.999104Z,/home/anas/drone_flood_ai/static/snapshots/person_e5863c09-be9f-40ce-b760-fccb10a192ae.jpg,39,
f0dcbe63-01dc-4bc6-b37a-70e6b29d21dd,person,0.4273623824119568,2025-11-11T19:23:24.838336Z,/home/anas/drone_flood_ai/static/snapshots/person_f0dcbe63-01dc-4bc6-b37a-70e6b29d21dd.jpg,1,
e903d540-dc07-4335-bad5-ba52349aaebb,person,0.7736173272132874,2025-11-11T19:23:26.121942Z,/home/anas/drone_flood_ai/static/snapshots/person_e903d540-dc07-4335-bad5-ba52349aaebb.jpg,39,
8c5c61fb-f24e-45a1-86ca-686d72a70e8b,person,0.40791749954223633,2025-11-11T19:23:27.641715Z,/home/anas/drone_flood_ai/static/snapshots/person_8c5c61fb-f24e-45a1-86ca-686d72a70e8b.jpg,1,
c9def324-9c6c-448a-a449-a34db6031502,person,0.6576900482177734,2025-11-11T19:23:28.152626Z,/home/anas/drone_flood_ai/static/snapshots/person_c9def324-9c6c-448a-a449-a34db6031502.jpg,39,
782987e2-112f-4db9-be9b-1857c7906bb1,person,0.45695948600769043,2025-11-11T19:23:30.162603Z,/home/anas/drone_flood_ai/static/snapshots/person_782987e2-112f-4db9-be9b-1857c7906bb1.jpg,39,
dd008c0e-bec3-4253-b759-91335dd03a50,person,0.4146048128604889,2025-11-11T19:23:30.847219Z,/home/anas/drone_flood_ai/static/snapshots/person_dd008c0e-bec3-4253-b759-91335dd03a50.jpg,1,
331863ff-11a2-4293-bed5-c9dcf727f918,person,0.5366820096969604,2025-11-11T19:23:32.170509Z,/home/anas/drone_flood_ai/static/snapshots/person_331863ff-11a2-4293-bed5-c9dcf727f918.jpg,39,
d9d02316-fb0d-474b-bc33-dd60179a7a1c,person,0.6093947887420654,2025-11-11T19:23:34.293654Z,/home/anas/drone_flood_ai/static/snapshots/person_d9d02316-fb0d-474b-bc33-dd60179a7a1c.jpg,39,
0669e87a-8c7a-4663-8b32-0e14b9613cd6,person,0.6633215546607971,2025-11-11T19:23:36.332893Z,/home/anas/drone_flood_ai/static/snapshots/person_0669e87a-8c7a-4663-8b32-0e14b9613cd6.jpg,39,
730abd53-0440-4a41-8b69-c290eecf8cb9,person,0.4404769539833069,2025-11-11T19:23:36.474954Z,/home/anas/drone_flood_ai/static/snapshots/person_730abd53-0440-4a41-8b69-c290eecf8cb9.jpg,0,
e2c3b299-fb7b-499a-98e0-fd189eb5b534,person,0.4831242561340332,2025-11-11T19:23:38.625797Z,/home/anas/drone_flood_ai/static/snapshots/person_e2c3b299-fb7b-499a-98e0-fd189eb5b534.jpg,39,
642b5093-6443-45d8-998b-c40df55938b2,person,0.6666939854621887,2025-11-11T19:23:40.678983Z,/home/anas/drone_flood_ai/static/snapshots/person_642b5093-6443-45d8-998b-c40df55938b2.jpg,39,
db5c0416-eebf-43ce-9594-6aebdc72c66b,person,0.6253408193588257,2025-11-11T19:23:42.715891Z,/home/anas/drone_flood_ai/static/snapshots/person_db5c0416-eebf-43ce-9594-6aebdc72c66b.jpg,39,
230604be-d0bb-40dc-bd2d-b514fc1cbd00,person,0.7111744284629822,2025-11-11T19:23:44.796542Z,/home/anas/drone_flood_ai/static/snapshots/person_230604be-d0bb-40dc-bd2d-b514fc1cbd00.jpg,39,
6aa2a81b-f4d4-40ec-859d-1e4218828d7a,person,0.5664305090904236,2025-11-11T19:23:46.893918Z,/home/anas/drone_flood_ai/static/snapshots/person_6aa2a81b-f4d4-40ec-859d-1e4218828d7a.jpg,39,
94ee4f62-3be2-4235-8936-1aed8b75bb91,person,0.42012545466423035,2025-11-11T19:23:48.291622Z,/home/anas/drone_flood_ai/static/snapshots/person_94ee4f62-3be2-4235-8936-1aed8b75bb91.jpg,53,
b930a534-16fc-450e-b2e3-0d05fc264099,person,0.5978633165359497,2025-11-11T19:23:48.929035Z,/home/anas/drone_flood_ai/static/snapshots/person_b930a534-16fc-450e-b2e3-0d05fc264099.jpg,39,
6ebac575-7c1f-4aa1-9aa5-1b825f91a4cf,person,0.8338084816932678,2025-11-11T19:23:51.005222Z,/home/anas/drone_flood_ai/static/snapshots/person_6ebac575-7c1f-4aa1-9aa5-1b825f91a4cf.jpg,39,
87452956-11c5-44ae-ae71-f1cb1a9ebdb0,person,0.8637440800666809,2025-11-11T19:23:53.069662Z,/home/anas/drone_flood_ai/static/snapshots/person_87452956-11c5-44ae-ae71-f1cb1a9ebdb0.jpg,39,
466ea06e-7dc4-4a65-91dd-276536fbc2cb,person,0.8594568371772766,2025-11-11T19:23:55.073733Z,/home/anas/drone_flood_ai/static/snapshots/person_466ea06e-7dc4-4a65-91dd-276536fbc2cb.jpg,39,
50e81b24-5504-4cb0-99a8-5e0b2280d3fd,person,0.831961989402771,2025-11-11T19:23:57.209444Z,/home/anas/drone_flood_ai/static/snapshots/person_50e81b24-5504-4cb0-99a8-5e0b2280d3fd.jpg,39,
c5c75aaf-2176-44fb-b27c-f1a17d0b304e,person,0.810529887676239,2025-11-11T19:23:59.308993Z,/home/anas/drone_flood_ai/static/snapshots/person_c5c75aaf-2176-44fb-b27c-f1a17d0b304e.jpg,39,
d300669e-2026-43c3-a8ef-b610638f4a74,person,0.8217822909355164,2025-11-11T19:24:01.459080Z,/home/anas/drone_flood_ai/static/snapshots/person_d300669e-2026-43c3-a8ef-b610638f4a74.jpg,39,
efc1dc05-d9ef-4024-a6ec-34cd6f89f49c,person,0.8517509698867798,2025-11-11T19:24:03.579118Z,/home/anas/drone_flood_ai/static/snapshots/person_efc1dc05-d9ef-4024-a6ec-34cd6f89f49c.jpg,39,
a1638cd8-8944-4b48-8292-0b4c462c0224,person,0.8487180471420288,2025-11-11T19:24:05.611631Z,/home/anas/drone_flood_ai/static/snapshots/person_a1638cd8-8944-4b48-8292-0b4c462c0224.jpg,39,
d31913e0-2e01-4186-b02d-909cf99017ad,person,0.6481452584266663,2025-11-11T19:24:07.796247Z,/home/anas/drone_flood_ai/static/snapshots/person_d31913e0-2e01-4186-b02d-909cf99017ad.jpg,39,
a07ce8d5-fa16-470c-9778-eeae01a1e842,person,0.4096699357032776,2025-11-11T19:24:08.926659Z,/home/anas/drone_flood_ai/static/snapshots/person_a07ce8d5-fa16-470c-9778-eeae01a1e842.jpg,58,
c4e589ac-4982-4a91-bcd0-0924955edba4,person,0.48556986451148987,2025-11-11T19:24:09.824994Z,/home/anas/drone_flood_ai/static/snapshots/person_c4e589ac-4982-4a91-bcd0-0924955edba4.jpg,39,
f4d29ec9-cdd0-4c78-a41f-2075df3af87d,person,0.8287525177001953,2025-11-11T19:24:10.964021Z,/home/anas/drone_flood_ai/static/snapshots/person_f4d29ec9-cdd0-4c78-a41f-2075df3af87d.jpg,58,
24414d28-7e0a-46a6-a33d-c9b9c3a5e903,person,0.6174025535583496,2025-11-11T19:24:13.063765Z,/home/anas/drone_flood_ai/static/snapshots/person_24414d28-7e0a-46a6-a33d-c9b9c3a5e903.jpg,58,
a5bee3e0-79a6-4591-944b-97cd7a55475f,person,0.5420331954956055,2025-11-11T19:24:13.476817Z,/home/anas/drone_flood_ai/static/snapshots/person_a5bee3e0-79a6-4591-944b-97cd7a55475f.jpg,39,
87591a2c-2fc7-4382-810b-60ad030d2fa6,person,0.7190383672714233,2025-11-11T19:24:15.139233Z,/home/anas/drone_flood_ai/static/snapshots/person_87591a2c-2fc7-4382-810b-60ad030d2fa6.jpg,58,
20ec58cd-d334-49c9-8eb8-32a395e3bcb6,person,0.6252232789993286,2025-11-11T19:24:15.617400Z,/home/anas/drone_flood_ai/static/snapshots/person_20ec58cd-d334-49c9-8eb8-32a395e3bcb6.jpg,39,
d9140a97-ca10-4e62-b1dd-67a75224a52b,person,0.7600029706954956,2025-11-11T19:24:17.708736Z,/home/anas/drone_flood_ai/static/snapshots/person_d9140a97-ca10-4e62-b1dd-67a75224a52b.jpg,39,
b5507ac2-8a09-4236-8e3a-352ab5fe0267,person,0.40395882725715637,2025-11-11T19:24:18.478302Z,/home/anas/drone_flood_ai/static/snapshots/person_b5507ac2-8a09-4236-8e3a-352ab5fe0267.jpg,59,
00a8ce5a-f9c7-4989-8d37-e45af3bfbcb7,person,0.48736804723739624,2025-11-11T19:24:20.751596Z,/home/anas/drone_flood_ai/static/snapshots/person_00a8ce5a-f9c7-4989-8d37-e45af3bfbcb7.jpg,59,
306b8e26-ab6a-4d7e-a63d-c54d603d2ad8,person,0.4583599269390106,2025-11-11T19:24:20.764492Z,/home/anas/drone_flood_ai/static/snapshots/person_306b8e26-ab6a-4d7e-a63d-c54d603d2ad8.jpg,39,
d864eae5-9508-40e0-a364-a13de5c6b89f,person,0.47387269139289856,2025-11-11T19:24:23.808305Z,/home/anas/drone_flood_ai/static/snapshots/person_d864eae5-9508-40e0-a364-a13de5c6b89f.jpg,59,
b13cbc16-8a1b-45a6-aec7-98478ad5e904,person,0.4261907637119293,2025-11-11T19:24:26.111854Z,/home/anas/drone_flood_ai/static/snapshots/person_b13cbc16-8a1b-45a6-aec7-98478ad5e904.jpg,39,
265a588a-3fd4-4718-a446-b76e9f08e824,person,0.530990481376648,2025-11-11T19:24:26.538780Z,/home/anas/drone_flood_ai/static/snapshots/person_265a588a-3fd4-4718-a446-b76e9f08e824.jpg,59,
620d79d7-8597-4b41-928c-77aad00dcf4d,person,0.6261261701583862,2025-11-11T19:24:28.239903Z,/home/anas/drone_flood_ai/static/snapshots/person_620d79d7-8597-4b41-928c-77aad00dcf4d.jpg,39,
6bffd09d-a62c-4ec6-bc80-6778d75403cf,person,0.573665201663971,2025-11-11T19:24:29.437132Z,/home/anas/drone_flood_ai/static/snapshots/person_6bffd09d-a62c-4ec6-bc80-6778d75403cf.jpg,59,
99393a4d-eb28-4506-8201-4bff49460a33,person,0.485616534948349,2025-11-11T19:24:31.012494Z,/home/anas/drone_flood_ai/static/snapshots/person_99393a4d-eb28-4506-8201-4bff49460a33.jpg,39,
333743a1-5324-4cd5-8ddb-23788c12216f,person,0.6874879002571106,2025-11-11T19:24:32.055103Z,/home/anas/drone_flood_ai/static/snapshots/person_333743a1-5324-4cd5-8ddb-23788c12216f.jpg,59,
1dabb675-f358-4d85-8cd1-33959a0003cf,person,0.7608188390731812,2025-11-11T19:24:34.535373Z,/home/anas/drone_flood_ai/static/snapshots/person_1dabb675-f358-4d85-8cd1-33959a0003cf.jpg,59,
120f19a3-1155-4242-97e6-79861b792dfa,person,0.7556872963905334,2025-11-11T19:24:36.572897Z,/home/anas/drone_flood_ai/static/snapshots/person_120f19a3-1155-4242-97e6-79861b792dfa.jpg,59,
c228082f-e29a-418a-9325-0eb8867065cf,person,0.8133811354637146,2025-11-11T19:24:38.991334Z,/home/anas/drone_flood_ai/static/snapshots/person_c228082f-e29a-418a-9325-0eb8867065cf.jpg,59,
f65d7c6d-17f5-44cf-9b5a-9d5246db0fe4,person,0.6541895866394043,2025-11-11T19:24:41.405557Z,/home/anas/drone_flood_ai/static/snapshots/person_f65d7c6d-17f5-44cf-9b5a-9d5246db0fe4.jpg,59,
705113c9-1a02-45fd-94ac-86af71c2d494,person,0.5477323532104492,2025-11-11T19:24:43.314442Z,/home/anas/drone_flood_ai/static/snapshots/person_705113c9-1a02-45fd-94ac-86af71c2d494.jpg,39,
641bd6a2-c3e2-4b55-8ef6-4f74bfabac12,person,0.5957309007644653,2025-11-11T19:24:48.468872Z,/home/anas/drone_flood_ai/static/snapshots/person_641bd6a2-c3e2-4b55-8ef6-4f74bfabac12.jpg,62,
fc447439-10ec-4995-a6c3-e3b044454444,person,0.40345531702041626,2025-11-11T19:24:48.477939Z,/home/anas/drone_flood_ai/static/snapshots/person_fc447439-10ec-4995-a6c3-e3b044454444.jpg,39,
b165855b-35c1-4d21-a531-e603dc03a220,person,0.4283275306224823,2025-11-11T19:24:50.589139Z,/home/anas/drone_flood_ai/static/snapshots/person_b165855b-35c1-4d21-a531-e603dc03a220.jpg,62,
ede5b558-69bc-4f3b-b2ae-506f932b4b25,person,0.8048260807991028,2025-11-11T19:24:52.163339Z,/home/anas/drone_flood_ai/static/snapshots/person_ede5b558-69bc-4f3b-b2ae-506f932b4b25.jpg,39,
52f0f233-076d-4c5f-a491-36782983d4a3,person,0.6209828853607178,2025-11-11T19:24:52.750479Z,/home/anas/drone_flood_ai/static/snapshots/person_52f0f233-076d-4c5f-a491-36782983d4a3.jpg,62,
e2881828-09e1-4711-b852-7c06418e3767,person,0.5715080499649048,2025-11-11T19:24:54.187516Z,/home/anas/drone_flood_ai/static/snapshots/person_e2881828-09e1-4711-b852-7c06418e3767.jpg,39,
6f08defc-3e49-40ef-872c-73671d914bd3,person,0.4415290653705597,2025-11-11T19:24:54.899176Z,/home/anas/drone_flood_ai/static/snapshots/person_6f08defc-3e49-40ef-872c-73671d914bd3.jpg,62,
2e7b3269-9dc0-4231-9e5f-4304c39d483e,person,0.7899627089500427,2025-11-11T19:24:57.046217Z,/home/anas/drone_flood_ai/static/snapshots/person_2e7b3269-9dc0-4231-9e5f-4304c39d483e.jpg,62,
c62d9fae-9bf1-4c6b-9d3c-f1a360faf03a,person,0.6185887455940247,2025-11-11T19:24:57.055640Z,/home/anas/drone_flood_ai/static/snapshots/person_c62d9fae-9bf1-4c6b-9d3c-f1a360faf03a.jpg,39,
9dcea1ff-3767-48b9-b61a-0531f0b464f1,person,0.7513667941093445,2025-11-11T19:24:59.054544Z,/home/anas/drone_flood_ai/static/snapshots/person_9dcea1ff-3767-48b9-b61a-0531f0b464f1.jpg,62,
90db536c-91c7-43e1-9b1f-5086e0afc788,person,0.5315677523612976,2025-11-11T19:24:59.928770Z,/home/anas/drone_flood_ai/static/snapshots/person_90db536c-91c7-43e1-9b1f-5086e0afc788.jpg,39,
6679a39a-7b63-46b8-a773-0c434723f01b,person,0.811877429485321,2025-11-11T19:25:01.130952Z,/home/anas/drone_flood_ai/static/snapshots/person_6679a39a-7b63-46b8-a773-0c434723f01b.jpg,62,
2ceb7892-cf58-4a94-bfac-b4e7a9bb0bf6,person,0.5104555487632751,2025-11-11T19:25:01.989740Z,/home/anas/drone_flood_ai/static/snapshots/person_2ceb7892-cf58-4a94-bfac-b4e7a9bb0bf6.jpg,39,
7c10be54-9340-4973-bcd6-0f3102770762,person,0.8067728877067566,2025-11-11T19:25:02.944839Z,/home/anas/drone_flood_ai/static/snapshots/person_7c10be54-9340-4973-bcd6-0f3102770762.jpg,0,
f7c182b8-8ffc-4563-9f99-bd325cba07a6,person,0.8764201402664185,2025-11-11T19:25:04.224724Z,/home/anas/drone_flood_ai/static/snapshots/person_f7c182b8-8ffc-4563-9f99-bd325cba07a6.jpg,39,
b3a7ff81-01a1-42e8-a466-d94cbc9ede5b,person,0.5960658192634583,2025-11-11T19:25:05.190526Z,/home/anas/drone_flood_ai/static/snapshots/person_b3a7ff81-01a1-42e8-a466-d94cbc9ede5b.jpg,70,
ee093723-b48f-4ea6-a09c-f3373c5763a6,person,0.832706868648529,2025-11-11T19:25:06.338459Z,/home/anas/drone_flood_ai/static/snapshots/person_ee093723-b48f-4ea6-a09c-f3373c5763a6.jpg,39,
279cef8d-8ce1-4ebc-bf02-d33dbe771118,person,0.5034932494163513,2025-11-11T19:25:08.180936Z,/home/anas/drone_flood_ai/static/snapshots/person_279cef8d-8ce1-4ebc-bf02-d33dbe771118.jpg,70,
c313cc2e-c7f6-4a40-a3e4-530b7d988244,person,0.49475419521331787,2025-11-11T19:25:08.997000Z,/home/anas/drone_flood_ai/static/snapshots/person_c313cc2e-c7f6-4a40-a3e4-530b7d988244.jpg,39,
5b5b80d9-f6ee-4057-8ee7-8c79b4d48ebc,person,0.7056607007980347,2025-11-11T19:25:10.298124Z,/home/anas/drone_flood_ai/static/snapshots/person_5b5b80d9-f6ee-4057-8ee7-8c79b4d48ebc.jpg,70,
a44cef57-e61d-47b8-9dc2-daa6b642d067,person,0.8877183198928833,2025-11-11T19:25:11.415754Z,/home/anas/drone_flood_ai/static/snapshots/person_a44cef57-e61d-47b8-9dc2-daa6b642d067.jpg,0,
e53eedc8-72d0-4583-97dc-1254e9a49435,person,0.889489471912384,2025-11-11T19:25:11.673132Z,/home/anas/drone_flood_ai/static/snapshots/person_e53eedc8-72d0-4583-97dc-1254e9a49435.jpg,39,
cdf762a3-af85-42e3-bbb5-d93fdb963a45,person,0.873807430267334,2025-11-11T19:25:13.729273Z,/home/anas/drone_flood_ai/static/snapshots/person_cdf762a3-af85-42e3-bbb5-d93fdb963a45.jpg,39,
cf5f4f62-f619-47ae-baef-933bdf46fc6b,person,0.5625917911529541,2025-11-11T19:25:14.399510Z,/home/anas/drone_flood_ai/static/snapshots/person_cf5f4f62-f619-47ae-baef-933bdf46fc6b.jpg,75,
932432a2-022d-450d-bee3-b3cc8c74014c,person,0.8985907435417175,2025-11-11T19:25:15.791092Z,/home/anas/drone_flood_ai/static/snapshots/person_932432a2-022d-450d-bee3-b3cc8c74014c.jpg,39,
1a98fed0-ef84-4f7d-9778-e02477a05e8c,person,0.848855197429657,2025-11-11T19:25:17.886917Z,/home/anas/drone_flood_ai/static/snapshots/person_1a98fed0-ef84-4f7d-9778-e02477a05e8c.jpg,39,
f0497e13-4863-4995-8c12-e2556d176ff6,person,0.6858783960342407,2025-11-11T19:25:19.994212Z,/home/anas/drone_flood_ai/static/snapshots/person_f0497e13-4863-4995-8c12-e2556d176ff6.jpg,39,
d968116e-7ec6-483c-84b6-9f5f4e30c08a,person,0.8271471261978149,2025-11-11T19:25:22.063860Z,/home/anas/drone_flood_ai/static/snapshots/person_d968116e-7ec6-483c-84b6-9f5f4e30c08a.jpg,39,
7930ee25-1b45-456e-8005-0fa73002c77f,person,0.7420339584350586,2025-11-11T19:25:24.069238Z,/home/anas/drone_flood_ai/static/snapshots/person_7930ee25-1b45-456e-8005-0fa73002c77f.jpg,39,
b87d03ce-5abc-44ba-b26f-ed5e93827055,person,0.7273396849632263,2025-11-11T19:25:26.362081Z,/home/anas/drone_flood_ai/static/snapshots/person_b87d03ce-5abc-44ba-b26f-ed5e93827055.jpg,39,
1588953e-684d-4ed3-ba21-6da9b99a15a2,person,0.826999306678772,2025-11-11T19:25:27.927726Z,/home/anas/drone_flood_ai/static/snapshots/person_1588953e-684d-4ed3-ba21-6da9b99a15a2.jpg,74,
8161b7dd-bd2f-4365-a142-16c0266e1bc5,person,0.8998294472694397,2025-11-11T19:25:29.933082Z,/home/anas/drone_flood_ai/static/snapshots/person_8161b7dd-bd2f-4365-a142-16c0266e1bc5.jpg,74,
d5d898a0-4b5f-4996-8a92-32633073fd00,person,0.7714009284973145,2025-11-11T19:25:32.214406Z,/home/anas/drone_flood_ai/static/snapshots/person_d5d898a0-4b5f-4996-8a92-32633073fd00.jpg,74,
2765d3c4-b9b9-44b7-ab5a-ee6f55eca0a1,person,0.8503873944282532,2025-11-11T19:25:34.341173Z,/home/anas/drone_flood_ai/static/snapshots/person_2765d3c4-b9b9-44b7-ab5a-ee6f55eca0a1.jpg,74,
21814627-4065-4c17-af5c-37223b691074,person,0.8719131350517273,2025-11-11T19:25:37.128346Z,/home/anas/drone_flood_ai/static/snapshots/person_21814627-4065-4c17-af5c-37223b691074.jpg,74,
e87983bf-4ca3-46f6-a098-fc248fdb065b,person,0.8485546112060547,2025-11-11T19:25:39.240487Z,/home/anas/drone_flood_ai/static/snapshots/person_e87983bf-4ca3-46f6-a098-fc248fdb065b.jpg,74,
2a4e1dae-2596-45f7-9b0d-32a1bdd0ad2e,person,0.8285841941833496,2025-11-11T19:25:41.503019Z,/home/anas/drone_flood_ai/static/snapshots/person_2a4e1dae-2596-45f7-9b0d-32a1bdd0ad2e.jpg,74,
ccc85b02-e970-40e0-9245-19d5a269aef9,person,0.8534685969352722,2025-11-11T19:25:43.739612Z,/home/anas/drone_flood_ai/static/snapshots/person_ccc85b02-e970-40e0-9245-19d5a269aef9.jpg,74,
c4c87db4-b364-453d-9a8e-6d9032b9d41f,person,0.5319095849990845,2025-11-11T19:25:44.640225Z,/home/anas/drone_flood_ai/static/snapshots/person_c4c87db4-b364-453d-9a8e-6d9032b9d41f.jpg,0,
321f9128-7782-4495-83cf-9463e233d3d5,person,0.5699555277824402,2025-11-11T19:25:46.218680Z,/home/anas/drone_flood_ai/static/snapshots/person_321f9128-7782-4495-83cf-9463e233d3d5.jpg,84,
ae088221-a567-4b6a-8165-d3008538766e,person,0.543700635433197,2025-11-11T19:25:48.310413Z,/home/anas/drone_flood_ai/static/snapshots/person_ae088221-a567-4b6a-8165-d3008538766e.jpg,84,
66bee197-ae6c-405f-869a-4eefa4455c2a,person,0.4323749244213104,2025-11-11T19:25:48.749221Z,/home/anas/drone_flood_ai/static/snapshots/person_66bee197-ae6c-405f-869a-4eefa4455c2a.jpg,83,
91d12839-9379-4de6-9704-f0f74c4eaf6b,dog,0.4693303108215332,2025-11-11T19:25:51.928494Z,/home/anas/drone_flood_ai/static/snapshots/dog_91d12839-9379-4de6-9704-f0f74c4eaf6b.jpg,83,
a573c1c1-c4e1-4d4d-9b36-9705a8983396,dog,0.4591657817363739,2025-11-11T19:25:53.996200Z,/home/anas/drone_flood_ai/static/snapshots/dog_a573c1c1-c4e1-4d4d-9b36-9705a8983396.jpg,83,
28b1604e-4d22-4110-be8b-685a1695e363,person,0.4059044122695923,2025-11-11T19:25:56.870890Z,/home/anas/drone_flood_ai/static/snapshots/person_28b1604e-4d22-4110-be8b-685a1695e363.jpg,83,
80edc6e5-fb31-4313-a361-63580602ac5b,person,0.47574231028556824,2025-11-11T19:25:57.402608Z,/home/anas/drone_flood_ai/static/snapshots/person_80edc6e5-fb31-4313-a361-63580602ac5b.jpg,0,
f25ccc6a-772c-4df0-9b85-bd8fc87ad513,person,0.40910229086875916,2025-11-11T19:25:58.693374Z,/home/anas/drone_flood_ai/static/snapshots/person_f25ccc6a-772c-4df0-9b85-bd8fc87ad513.jpg,88,
0efe1284-1f19-495d-97a2-60dad18955a0,person,0.494734525680542,2025-11-11T19:25:59.097035Z,/home/anas/drone_flood_ai/static/snapshots/person_0efe1284-1f19-495d-97a2-60dad18955a0.jpg,83,
487fb04e-c01f-4077-a1df-d06916dd3b55,person,0.4609941840171814,2025-11-11T19:26:01.000840Z,/home/anas/drone_flood_ai/static/snapshots/person_487fb04e-c01f-4077-a1df-d06916dd3b55.jpg,88,
49cf8889-5568-4969-b369-1e49a4e60102,person,0.46892040967941284,2025-11-11T19:26:02.023909Z,/home/anas/drone_flood_ai/static/snapshots/person_49cf8889-5568-4969-b369-1e49a4e60102.jpg,83,
1c9b88b2-0ee1-48e2-871f-ef84aaca32ab,person,0.4699174463748932,2025-11-11T19:26:03.146857Z,/home/anas/drone_flood_ai/static/snapshots/person_1c9b88b2-0ee1-48e2-871f-ef84aaca32ab.jpg,88,
bdf62a0b-9244-4289-b7ae-296f5190c0a9,person,0.4739977717399597,2025-11-11T19:26:05.425935Z,/home/anas/drone_flood_ai/static/snapshots/person_bdf62a0b-9244-4289-b7ae-296f5190c0a9.jpg,88,
ad73c784-32a0-458a-8c66-285e67f3b772,person,0.48127731680870056,2025-11-11T19:26:06.790134Z,/home/anas/drone_flood_ai/static/snapshots/person_ad73c784-32a0-458a-8c66-285e67f3b772.jpg,83,
66641aa1-4f52-40d1-a50c-b968fb293a4f,person,0.4944392144680023,2025-11-11T19:26:09.154786Z,/home/anas/drone_flood_ai/static/snapshots/person_66641aa1-4f52-40d1-a50c-b968fb293a4f.jpg,83,
649b5248-5db6-4c6f-bc1b-7de8b4113d39,person,0.4104423224925995,2025-11-11T19:26:15.744961Z,/home/anas/drone_flood_ai/static/snapshots/person_649b5248-5db6-4c6f-bc1b-7de8b4113d39.jpg,83,
e59fe554-e6bc-4992-84a1-ed892cb64df5,person,0.44074520468711853,2025-11-11T19:26:19.240560Z,/home/anas/drone_flood_ai/static/snapshots/person_e59fe554-e6bc-4992-84a1-ed892cb64df5.jpg,83,
b44b4188-28f8-4a06-8c1f-74663bc4ec15,person,0.4311886429786682,2025-11-11T19:26:22.008451Z,/home/anas/drone_flood_ai/static/snapshots/person_b44b4188-28f8-4a06-8c1f-74663bc4ec15.jpg,83,
407dc003-8527-481f-a7fe-4cf879ce4367,person,0.4249047338962555,2025-11-11T19:26:24.183303Z,/home/anas/drone_flood_ai/static/snapshots/person_407dc003-8527-481f-a7fe-4cf879ce4367.jpg,83,
fc1405a7-9f07-4523-9828-64f62b2ce920,person,0.4534580707550049,2025-11-11T19:26:27.340059Z,/home/anas/drone_flood_ai/static/snapshots/person_fc1405a7-9f07-4523-9828-64f62b2ce920.jpg,83,
2e34bd09-1fec-496f-a43d-a13544cd864a,person,0.5966192483901978,2025-11-11T19:26:29.419922Z,/home/anas/drone_flood_ai/static/snapshots/person_2e34bd09-1fec-496f-a43d-a13544cd864a.jpg,83,
33dea3e9-c16d-4ae4-889e-0964baac5e8c,person,0.6154721975326538,2025-11-11T19:26:31.326099Z,/home/anas/drone_flood_ai/static/snapshots/person_33dea3e9-c16d-4ae4-889e-0964baac5e8c.jpg,92,
41f651af-861f-493a-bcab-ad7f22794a90,person,0.565565288066864,2025-11-11T19:26:31.466793Z,/home/anas/drone_flood_ai/static/snapshots/person_41f651af-861f-493a-bcab-ad7f22794a90.jpg,83,
16f1fd42-94b0-4fd4-8629-c0e661c4b093,person,0.4902098476886749,2025-11-11T19:26:33.498131Z,/home/anas/drone_flood_ai/static/snapshots/person_16f1fd42-94b0-4fd4-8629-c0e661c4b093.jpg,83,
010958fa-991a-4cd1-bd4b-4ae897427764,person,0.44397294521331787,2025-11-11T19:26:35.532703Z,/home/anas/drone_flood_ai/static/snapshots/person_010958fa-991a-4cd1-bd4b-4ae897427764.jpg,83,
ffacd0bd-5308-493e-a75a-8c4c7139e511,person,0.5735743641853333,2025-11-11T19:26:37.633829Z,/home/anas/drone_flood_ai/static/snapshots/person_ffacd0bd-5308-493e-a75a-8c4c7139e511.jpg,83,
8cf90599-68ff-4271-8a4d-f4702013c985,person,0.5788835883140564,2025-11-11T19:26:39.642977Z,/home/anas/drone_flood_ai/static/snapshots/person_8cf90599-68ff-4271-8a4d-f4702013c985.jpg,83,
d07a257b-3c61-4c2a-b575-9b5a094ab92e,person,0.5772295594215393,2025-11-11T19:26:41.749441Z,/home/anas/drone_flood_ai/static/snapshots/person_d07a257b-3c61-4c2a-b575-9b5a094ab92e.jpg,83,
678b5126-cf25-4b7c-b9c4-1a46b26c7dff,person,0.4826701283454895,2025-11-11T19:26:43.788539Z,/home/anas/drone_flood_ai/static/snapshots/person_678b5126-cf25-4b7c-b9c4-1a46b26c7dff.jpg,83,
91890a88-114c-4839-b88a-a010469b4f86,person,0.47537800669670105,2025-11-11T19:26:45.893985Z,/home/anas/drone_flood_ai/static/snapshots/person_91890a88-114c-4839-b88a-a010469b4f86.jpg,83,
5f189923-8438-4285-bf7b-43d0228197b5,person,0.6814985871315002,2025-11-11T19:26:47.946878Z,/home/anas/drone_flood_ai/static/snapshots/person_5f189923-8438-4285-bf7b-43d0228197b5.jpg,83,
c4bda7d1-58af-4f3e-b31d-0707f0fd0f7a,person,0.7008206844329834,2025-11-11T19:26:50.028827Z,/home/anas/drone_flood_ai/static/snapshots/person_c4bda7d1-58af-4f3e-b31d-0707f0fd0f7a.jpg,83,
cbd5f08c-627b-416b-a5dd-f44d572d1604,person,0.5525315999984741,2025-11-11T19:26:52.093566Z,/home/anas/drone_flood_ai/static/snapshots/person_cbd5f08c-627b-416b-a5dd-f44d572d1604.jpg,83,
9d8143f2-8eb0-4531-8f34-10cdbb266956,person,0.5658584833145142,2025-11-11T19:26:54.192910Z,/home/anas/drone_flood_ai/static/snapshots/person_9d8143f2-8eb0-4531-8f34-10cdbb266956.jpg,83,
f4d1f657-d8ed-4c35-a0da-0eb73d9302c0,person,0.6023707389831543,2025-11-11T19:26:56.283134Z,/home/anas/drone_flood_ai/static/snapshots/person_f4d1f657-d8ed-4c35-a0da-0eb73d9302c0.jpg,83,
28f7f954-d92c-494c-b552-2356d35ac506,person,0.5266643762588501,2025-11-11T19:27:00.811767Z,/home/anas/drone_flood_ai/static/snapshots/person_28f7f954-d92c-494c-b552-2356d35ac506.jpg,0,
d848427e-9d63-4bb4-a458-403984aba742,person,0.5769965648651123,2025-11-11T19:27:01.450667Z,/home/anas/drone_flood_ai/static/snapshots/person_d848427e-9d63-4bb4-a458-403984aba742.jpg,83,
2f01a904-5747-491a-925c-1e188148c5e9,person,0.4461052715778351,2025-11-11T19:27:03.558124Z,/home/anas/drone_flood_ai/static/snapshots/person_2f01a904-5747-491a-925c-1e188148c5e9.jpg,83,
cddb2db1-9335-4221-aa5c-5636758858d6,person,0.4308398962020874,2025-11-11T19:27:05.579182Z,/home/anas/drone_flood_ai/static/snapshots/person_cddb2db1-9335-4221-aa5c-5636758858d6.jpg,83,
dabb7731-b21b-4d05-a9ae-2a84c1e3b8d6,person,0.45430266857147217,2025-11-11T19:27:06.022715Z,/home/anas/drone_flood_ai/static/snapshots/person_dabb7731-b21b-4d05-a9ae-2a84c1e3b8d6.jpg,0,
94faaafa-f139-4f38-89b4-122d6066a52c,person,0.6171107292175293,2025-11-11T19:27:07.761554Z,/home/anas/drone_flood_ai/static/snapshots/person_94faaafa-f139-4f38-89b4-122d6066a52c.jpg,83,
017fc8b3-3033-4dc6-9619-02baf190d29a,person,0.6151278614997864,2025-11-11T19:27:09.981665Z,/home/anas/drone_flood_ai/static/snapshots/person_017fc8b3-3033-4dc6-9619-02baf190d29a.jpg,0,
aaf72239-940d-4a9f-9968-a8a8a18b0af4,person,0.4664139449596405,2025-11-11T19:27:10.237766Z,/home/anas/drone_flood_ai/static/snapshots/person_aaf72239-940d-4a9f-9968-a8a8a18b0af4.jpg,106,
fd375f49-87b4-4ada-97c1-51b7b89bde52,person,0.4426303505897522,2025-11-11T19:27:10.248577Z,/home/anas/drone_flood_ai/static/snapshots/person_fd375f49-87b4-4ada-97c1-51b7b89bde52.jpg,83,
5aec68cd-7dbb-4bfb-85ed-cf0d1312274b,person,0.5343536138534546,2025-11-11T19:27:12.371101Z,/home/anas/drone_flood_ai/static/snapshots/person_5aec68cd-7dbb-4bfb-85ed-cf0d1312274b.jpg,106,
15c9e931-5af0-4c05-bff4-4913e050afb0,person,0.7562594413757324,2025-11-11T19:27:15.599757Z,/home/anas/drone_flood_ai/static/snapshots/person_15c9e931-5af0-4c05-bff4-4913e050afb0.jpg,0,
13b2c7bf-efd8-4d8f-bcd1-49545f6e5bb8,person,0.6801726222038269,2025-11-11T19:27:15.816683Z,/home/anas/drone_flood_ai/static/snapshots/person_13b2c7bf-efd8-4d8f-bcd1-49545f6e5bb8.jpg,112,
c01ab148-73cb-4958-9027-74decd401a54,person,0.6412639617919922,2025-11-11T19:27:17.856199Z,/home/anas/drone_flood_ai/static/snapshots/person_c01ab148-73cb-4958-9027-74decd401a54.jpg,112,
6b02032e-5d91-4665-a609-0928a89ae93d,person,0.42824146151542664,2025-11-11T19:28:52.422694Z,/home/anas/drone_flood_ai/static/snapshots/person_6b02032e-5d91-4665-a609-0928a89ae93d.jpg,0,
9d206e0b-8461-4d3a-a640-648641b2027c,person,0.6441747546195984,2025-11-11T19:28:53.316575Z,/home/anas/drone_flood_ai/static/snapshots/person_9d206e0b-8461-4d3a-a640-648641b2027c.jpg,2,
e4ea8487-dc96-49b6-bb6f-a219c598885c,person,0.730251133441925,2025-11-11T19:28:55.320209Z,/home/anas/drone_flood_ai/static/snapshots/person_e4ea8487-dc96-49b6-bb6f-a219c598885c.jpg,2,
88ddec25-a424-497b-96f9-de8f41dabc5e,person,0.7787584662437439,2025-11-11T19:28:57.365696Z,/home/anas/drone_flood_ai/static/snapshots/person_88ddec25-a424-497b-96f9-de8f41dabc5e.jpg,0,
55aa120e-5f9e-4c13-abee-4cf44354b31a,person,0.8930457234382629,2025-11-11T19:28:57.583320Z,/home/anas/drone_flood_ai/static/snapshots/person_55aa120e-5f9e-4c13-abee-4cf44354b31a.jpg,2,
cd37a323-767c-4344-b9c2-47e9c0a035d4,person,0.9122511148452759,2025-11-11T19:28:59.661629Z,/home/anas/drone_flood_ai/static/snapshots/person_cd37a323-767c-4344-b9c2-47e9c0a035d4.jpg,2,
8499db31-69a2-47a6-85b5-163361d79cc3,person,0.8919657468795776,2025-11-11T19:29:01.768593Z,/home/anas/drone_flood_ai/static/snapshots/person_8499db31-69a2-47a6-85b5-163361d79cc3.jpg,2,
0d322696-6f07-41a7-a7f5-9e7e3d866f95,person,0.8946142196655273,2025-11-11T19:29:03.832914Z,/home/anas/drone_flood_ai/static/snapshots/person_0d322696-6f07-41a7-a7f5-9e7e3d866f95.jpg,2,
74cecf27-9567-4555-9fc2-987a5b3492e4,person,0.8883867859840393,2025-11-11T19:29:05.863414Z,/home/anas/drone_flood_ai/static/snapshots/person_74cecf27-9567-4555-9fc2-987a5b3492e4.jpg,2,
3ed67c03-744d-4775-87a1-b2f60ed7dd3e,person,0.8960968255996704,2025-11-11T19:29:07.949172Z,/home/anas/drone_flood_ai/static/snapshots/person_3ed67c03-744d-4775-87a1-b2f60ed7dd3e.jpg,2,
730c08d4-0076-41c2-8db0-b82aa7f14c46,person,0.896605908870697,2025-11-11T19:29:10.006440Z,/home/anas/drone_flood_ai/static/snapshots/person_730c08d4-0076-41c2-8db0-b82aa7f14c46.jpg,2,
c0be8488-3a40-47d3-bbb7-a2984cd8b80c,person,0.8858534693717957,2025-11-11T19:29:12.097044Z,/home/anas/drone_flood_ai/static/snapshots/person_c0be8488-3a40-47d3-bbb7-a2984cd8b80c.jpg,2,
6ffafda6-b8dd-4fc5-a595-61ba13322e69,person,0.9086096882820129,2025-11-11T19:29:14.098277Z,/home/anas/drone_flood_ai/static/snapshots/person_6ffafda6-b8dd-4fc5-a595-61ba13322e69.jpg,2,
7fee4da6-4f17-450f-b85f-fbdd630dc997,person,0.9077497720718384,2025-11-11T19:29:16.294498Z,/home/anas/drone_flood_ai/static/snapshots/person_7fee4da6-4f17-450f-b85f-fbdd630dc997.jpg,2,
046fa3e7-5e3a-42d2-83f1-6a96f9f9e164,person,0.8972846865653992,2025-11-11T19:29:18.525532Z,/home/anas/drone_flood_ai/static/snapshots/person_046fa3e7-5e3a-42d2-83f1-6a96f9f9e164.jpg,2,
967d9027-503c-4631-a2b3-bb3562c83606,person,0.8324053287506104,2025-11-11T19:29:19.932560Z,/home/anas/drone_flood_ai/static/snapshots/person_967d9027-503c-4631-a2b3-bb3562c83606.jpg,13,
a128fa92-2527-4ea6-90d9-0329cad54d74,person,0.8842936754226685,2025-11-11T19:29:20.741486Z,/home/anas/drone_flood_ai/static/snapshots/person_a128fa92-2527-4ea6-90d9-0329cad54d74.jpg,2,
510c1f1f-0b6c-4bc0-ad99-5ed757b0c558,person,0.7357633709907532,2025-11-11T19:29:22.101220Z,/home/anas/drone_flood_ai/static/snapshots/person_510c1f1f-0b6c-4bc0-ad99-5ed757b0c558.jpg,13,
a78f5c4b-bdc6-42ce-a637-2f4765eade02,person,0.6561284065246582,2025-11-11T19:29:23.071483Z,/home/anas/drone_flood_ai/static/snapshots/person_a78f5c4b-bdc6-42ce-a637-2f4765eade02.jpg,2,
ce5594c5-70e3-4e48-8782-e7e3fc4f034e,person,0.8689069151878357,2025-11-11T19:29:25.133741Z,/home/anas/drone_flood_ai/static/snapshots/person_ce5594c5-70e3-4e48-8782-e7e3fc4f034e.jpg,2,
ae26378d-beb3-4ad1-8588-66f0e8b97d35,person,0.5004809498786926,2025-11-11T19:29:25.404813Z,/home/anas/drone_flood_ai/static/snapshots/person_ae26378d-beb3-4ad1-8588-66f0e8b97d35.jpg,13,
83bb9765-1ed8-4a3f-b58b-deda6df073f4,person,0.7674459218978882,2025-11-11T19:29:27.273599Z,/home/anas/drone_flood_ai/static/snapshots/person_83bb9765-1ed8-4a3f-b58b-deda6df073f4.jpg,2,
ea2eb6e2-fbc2-4137-9bca-546575cb9603,person,0.6235756278038025,2025-11-11T19:29:29.365022Z,/home/anas/drone_flood_ai/static/snapshots/person_ea2eb6e2-fbc2-4137-9bca-546575cb9603.jpg,2,
ce08dc36-15c1-47c8-a84e-80e2bdc30c31,person,0.5376401543617249,2025-11-11T19:29:29.374323Z,/home/anas/drone_flood_ai/static/snapshots/person_ce08dc36-15c1-47c8-a84e-80e2bdc30c31.jpg,13,
9ab6f385-0515-460d-87a2-6c1e8ac99a82,person,0.5519630908966064,2025-11-11T19:29:31.350313Z,/home/anas/drone_flood_ai/static/snapshots/person_9ab6f385-0515-460d-87a2-6c1e8ac99a82.jpg,16,
3b1684ed-ee0b-4c1b-b963-4e20ebfe35d9,person,0.7031054496765137,2025-11-11T19:29:31.515451Z,/home/anas/drone_flood_ai/static/snapshots/person_3b1684ed-ee0b-4c1b-b963-4e20ebfe35d9.jpg,2,
d64a5127-06d2-48d6-ab99-da37ffa81128,person,0.45461544394493103,2025-11-11T19:29:33.405796Z,/home/anas/drone_flood_ai/static/snapshots/person_d64a5127-06d2-48d6-ab99-da37ffa81128.jpg,16,
a8d5b437-3688-427e-8e13-a248d6241401,person,0.7567223906517029,2025-11-11T19:29:33.557516Z,/home/anas/drone_flood_ai/static/snapshots/person_a8d5b437-3688-427e-8e13-a248d6241401.jpg,2,
c4b49320-5908-456c-8f47-2057097baaca,person,0.7392218708992004,2025-11-11T19:29:35.725509Z,/home/anas/drone_flood_ai/static/snapshots/person_c4b49320-5908-456c-8f47-2057097baaca.jpg,2,
85912943-bc49-49f9-b7f9-9c5c1491ee1a,person,0.42636778950691223,2025-11-11T19:29:36.443763Z,/home/anas/drone_flood_ai/static/snapshots/person_85912943-bc49-49f9-b7f9-9c5c1491ee1a.jpg,16,
7ec64400-c663-4851-a4f9-81d5288e4a2b,person,0.6684722304344177,2025-11-11T19:29:37.793284Z,/home/anas/drone_flood_ai/static/snapshots/person_7ec64400-c663-4851-a4f9-81d5288e4a2b.jpg,2,
b95d6503-1e6e-4e82-8c85-e43d676aa2d2,person,0.514596164226532,2025-11-11T19:29:38.582910Z,/home/anas/drone_flood_ai/static/snapshots/person_b95d6503-1e6e-4e82-8c85-e43d676aa2d2.jpg,16,
19026eb1-e704-4c4b-ac18-297f534a75d8,person,0.8210808038711548,2025-11-11T19:29:39.886090Z,/home/anas/drone_flood_ai/static/snapshots/person_19026eb1-e704-4c4b-ac18-297f534a75d8.jpg,2,
8c922ed3-f773-4e01-8ac1-4862ab27fa7f,person,0.5209932327270508,2025-11-11T19:29:40.633407Z,/home/anas/drone_flood_ai/static/snapshots/person_8c922ed3-f773-4e01-8ac1-4862ab27fa7f.jpg,16,
19210996-0ba9-49d4-a37c-7ca9819f7ac5,person,0.6329342722892761,2025-11-11T19:29:41.947864Z,/home/anas/drone_flood_ai/static/snapshots/person_19210996-0ba9-49d4-a37c-7ca9819f7ac5.jpg,2,
b4af5932-8f23-4300-b39d-d2fed2de14cf,person,0.4470222294330597,2025-11-11T19:29:42.728839Z,/home/anas/drone_flood_ai/static/snapshots/person_b4af5932-8f23-4300-b39d-d2fed2de14cf.jpg,16,
a28605a4-c2d3-495a-ba20-59f4b3ec77a4,person,0.735862135887146,2025-11-11T19:29:43.982761Z,/home/anas/drone_flood_ai/static/snapshots/person_a28605a4-c2d3-495a-ba20-59f4b3ec77a4.jpg,2,
5e80c9bb-f3ef-4827-8dab-38f072608b2b,person,0.44619932770729065,2025-11-11T19:29:44.975225Z,/home/anas/drone_flood_ai/static/snapshots/person_5e80c9bb-f3ef-4827-8dab-38f072608b2b.jpg,16,
3f9f34a3-c0e8-462e-823a-aceaaadbf412,person,0.6818503737449646,2025-11-11T19:29:46.009077Z,/home/anas/drone_flood_ai/static/snapshots/person_3f9f34a3-c0e8-462e-823a-aceaaadbf412.jpg,2,
9f5d6f5f-b06d-4188-8291-dbd6fbcbdf1a,person,0.482134610414505,2025-11-11T19:29:47.182394Z,/home/anas/drone_flood_ai/static/snapshots/person_9f5d6f5f-b06d-4188-8291-dbd6fbcbdf1a.jpg,16,
4c8340d8-3df2-4d1b-92bb-3c6037020be6,person,0.7144104242324829,2025-11-11T19:29:48.231373Z,/home/anas/drone_flood_ai/static/snapshots/person_4c8340d8-3df2-4d1b-92bb-3c6037020be6.jpg,2,
e889f634-f9c3-4669-860d-de7d2f5898d7,person,0.4117639660835266,2025-11-11T19:29:49.336088Z,/home/anas/drone_flood_ai/static/snapshots/person_e889f634-f9c3-4669-860d-de7d2f5898d7.jpg,16,
3ae85455-c265-41f3-b651-10bd45801f65,person,0.6591582298278809,2025-11-11T19:29:50.361415Z,/home/anas/drone_flood_ai/static/snapshots/person_3ae85455-c265-41f3-b651-10bd45801f65.jpg,2,
f4e35a53-6cdb-453a-9d85-fd6ae840b9ca,person,0.5001387596130371,2025-11-11T19:29:51.466227Z,/home/anas/drone_flood_ai/static/snapshots/person_f4e35a53-6cdb-453a-9d85-fd6ae840b9ca.jpg,16,
a6c1aeb9-1ad3-4a11-b733-08be2030501d,person,0.6941962242126465,2025-11-11T19:29:52.430871Z,/home/anas/drone_flood_ai/static/snapshots/person_a6c1aeb9-1ad3-4a11-b733-08be2030501d.jpg,2,
0da4a7f0-c414-486b-90df-2dc24c456bce,person,0.5943279266357422,2025-11-11T19:29:53.631786Z,/home/anas/drone_flood_ai/static/snapshots/person_0da4a7f0-c414-486b-90df-2dc24c456bce.jpg,16,
e750bed7-8281-4f9b-af6d-72e1ae9b1db7,person,0.7081741690635681,2025-11-11T19:29:54.529993Z,/home/anas/drone_flood_ai/static/snapshots/person_e750bed7-8281-4f9b-af6d-72e1ae9b1db7.jpg,2,
3cf66867-6137-46bd-b4ed-76bd87d48389,person,0.7208460569381714,2025-11-11T19:29:56.598947Z,/home/anas/drone_flood_ai/static/snapshots/person_3cf66867-6137-46bd-b4ed-76bd87d48389.jpg,2,
e3ae60cd-3e42-4a23-8bf2-2bb0ab51e232,person,0.5357328057289124,2025-11-11T19:29:58.002909Z,/home/anas/drone_flood_ai/static/snapshots/person_e3ae60cd-3e42-4a23-8bf2-2bb0ab51e232.jpg,29,
fe2f5a5c-0466-4faf-b5fa-31c6ca9de193,person,0.5044921636581421,2025-11-11T19:29:58.495841Z,/home/anas/drone_flood_ai/static/snapshots/person_fe2f5a5c-0466-4faf-b5fa-31c6ca9de193.jpg,16,
3b5d2046-51df-49b2-b1b7-3f1914bb0981,person,0.44338259100914,2025-11-11T19:29:58.625654Z,/home/anas/drone_flood_ai/static/snapshots/person_3b5d2046-51df-49b2-b1b7-3f1914bb0981.jpg,2,
05f34f13-82d2-4396-9a20-e975cdd69e50,person,0.526620626449585,2025-11-11T19:30:00.280237Z,/home/anas/drone_flood_ai/static/snapshots/person_05f34f13-82d2-4396-9a20-e975cdd69e50.jpg,29,
6d1d6cc7-606e-4eab-8bed-60bee7525362,person,0.5469792485237122,2025-11-11T19:30:00.572679Z,/home/anas/drone_flood_ai/static/snapshots/person_6d1d6cc7-606e-4eab-8bed-60bee7525362.jpg,16,
6ab7ed92-ab86-47b9-af3d-815e2d278717,person,0.58456951379776,2025-11-11T19:30:00.702318Z,/home/anas/drone_flood_ai/static/snapshots/person_6ab7ed92-ab86-47b9-af3d-815e2d278717.jpg,2,
eb55c334-a250-400c-8e16-e2a0f92b8cc8,person,0.613856315612793,2025-11-11T19:30:02.370618Z,/home/anas/drone_flood_ai/static/snapshots/person_eb55c334-a250-400c-8e16-e2a0f92b8cc8.jpg,29,
c5ef678d-7814-45ea-8fad-a44ed4135a83,person,0.5569829344749451,2025-11-11T19:30:02.633180Z,/home/anas/drone_flood_ai/static/snapshots/person_c5ef678d-7814-45ea-8fad-a44ed4135a83.jpg,16,
d270589a-039b-473f-903e-a16099eb7370,person,0.6775312423706055,2025-11-11T19:30:02.863375Z,/home/anas/drone_flood_ai/static/snapshots/person_d270589a-039b-473f-903e-a16099eb7370.jpg,2,
c54e04fb-a963-42b9-8835-82eff8d1d98e,person,0.9063989520072937,2025-11-11T19:30:04.946080Z,/home/anas/drone_flood_ai/static/snapshots/person_c54e04fb-a963-42b9-8835-82eff8d1d98e.jpg,2,
e59e49dc-ae3e-49d8-b4cf-53116796ac5d,person,0.920280396938324,2025-11-11T19:30:07.040810Z,/home/anas/drone_flood_ai/static/snapshots/person_e59e49dc-ae3e-49d8-b4cf-53116796ac5d.jpg,2,
dbe3e9d7-b7a5-467a-8418-92119eafe34f,person,0.8884936571121216,2025-11-11T19:30:09.067884Z,/home/anas/drone_flood_ai/static/snapshots/person_dbe3e9d7-b7a5-467a-8418-92119eafe34f.jpg,2,
e09c3d1f-dd42-4342-bf82-d97c430540bd,person,0.9017243385314941,2025-11-11T19:30:11.082546Z,/home/anas/drone_flood_ai/static/snapshots/person_e09c3d1f-dd42-4342-bf82-d97c430540bd.jpg,2,
1498267a-a221-46ab-8ce9-4ff5c93721cd,person,0.910216212272644,2025-11-11T19:30:13.197959Z,/home/anas/drone_flood_ai/static/snapshots/person_1498267a-a221-46ab-8ce9-4ff5c93721cd.jpg,2,
0a035c97-90bd-4fdf-ae9a-f6704433722e,person,0.9127331376075745,2025-11-11T19:30:15.307269Z,/home/anas/drone_flood_ai/static/snapshots/person_0a035c97-90bd-4fdf-ae9a-f6704433722e.jpg,2,
14b8e68f-6f30-4dab-833b-763ed4d86cca,person,0.9003888964653015,2025-11-11T19:30:17.380316Z,/home/anas/drone_flood_ai/static/snapshots/person_14b8e68f-6f30-4dab-833b-763ed4d86cca.jpg,2,
8de844d9-b8c4-4997-8e29-db613cc972e7,person,0.8886877298355103,2025-11-11T19:30:19.687157Z,/home/anas/drone_flood_ai/static/snapshots/person_8de844d9-b8c4-4997-8e29-db613cc972e7.jpg,2,
c6ce7c6c-e5e6-497c-992c-7cb7a461c30c,person,0.9041612148284912,2025-11-11T19:30:21.852759Z,/home/anas/drone_flood_ai/static/snapshots/person_c6ce7c6c-e5e6-497c-992c-7cb7a461c30c.jpg,2,
95ab92dc-fd47-45e1-a386-05bd99006ab9,person,0.8920921087265015,2025-11-11T19:30:24.307055Z,/home/anas/drone_flood_ai/static/snapshots/person_95ab92dc-fd47-45e1-a386-05bd99006ab9.jpg,2,
0be97749-f3ad-4315-9f91-09a03de5cc86,person,0.9241293668746948,2025-11-11T19:30:26.422783Z,/home/anas/drone_flood_ai/static/snapshots/person_0be97749-f3ad-4315-9f91-09a03de5cc86.jpg,2,
7973c6a5-34dd-4eaf-990c-e2e569ff83ae,person,0.8470834493637085,2025-11-11T19:30:28.459768Z,/home/anas/drone_flood_ai/static/snapshots/person_7973c6a5-34dd-4eaf-990c-e2e569ff83ae.jpg,2,
a71b59e6-d33c-49ed-a3fe-ddd3afec7425,person,0.8876646161079407,2025-11-11T19:30:30.536033Z,/home/anas/drone_flood_ai/static/snapshots/person_a71b59e6-d33c-49ed-a3fe-ddd3afec7425.jpg,2,
c90cb716-c063-4921-b4fb-03efe5e57c67,person,0.878461480140686,2025-11-11T19:30:32.667079Z,/home/anas/drone_flood_ai/static/snapshots/person_c90cb716-c063-4921-b4fb-03efe5e57c67.jpg,2,
fe2f0057-61b3-4e07-9ab9-4137fd9c1eae,person,0.8223473429679871,2025-11-11T19:30:34.709705Z,/home/anas/drone_flood_ai/static/snapshots/person_fe2f0057-61b3-4e07-9ab9-4137fd9c1eae.jpg,2,
f83d9319-324a-437d-a023-094ba9d195cf,person,0.8756105303764343,2025-11-11T19:30:36.824102Z,/home/anas/drone_flood_ai/static/snapshots/person_f83d9319-324a-437d-a023-094ba9d195cf.jpg,2,
e78b3347-e431-45ad-91e9-d9177525e50d,person,0.9183701872825623,2025-11-11T19:30:38.838269Z,/home/anas/drone_flood_ai/static/snapshots/person_e78b3347-e431-45ad-91e9-d9177525e50d.jpg,2,
09b5179e-d33d-44f6-bf9b-40ae41dcecd2,person,0.9311310648918152,2025-11-11T19:30:41.164627Z,/home/anas/drone_flood_ai/static/snapshots/person_09b5179e-d33d-44f6-bf9b-40ae41dcecd2.jpg,2,
c1b3676f-7785-413b-b8c9-91cfae6b22b7,person,0.5877918601036072,2025-11-11T19:30:43.006879Z,/home/anas/drone_flood_ai/static/snapshots/person_c1b3676f-7785-413b-b8c9-91cfae6b22b7.jpg,0,
f40e58dd-0942-4413-a4b9-9ee9e7807d15,person,0.5968530774116516,2025-11-11T19:30:43.301590Z,/home/anas/drone_flood_ai/static/snapshots/person_f40e58dd-0942-4413-a4b9-9ee9e7807d15.jpg,43,
07fc9cbc-646c-4bd1-bea8-48effdf6d310,person,0.7433157563209534,2025-11-11T19:30:44.436662Z,/home/anas/drone_flood_ai/static/snapshots/person_07fc9cbc-646c-4bd1-bea8-48effdf6d310.jpg,45,
1bd6b50b-6a71-4e7e-9abb-9ecfd4cec7d7,person,0.8530808091163635,2025-11-11T19:31:00.623106Z,/home/anas/drone_flood_ai/static/snapshots/person_1bd6b50b-6a71-4e7e-9abb-9ecfd4cec7d7.jpg,0,
a23fbcc7-441f-4d9b-8535-e5d69ef48bb6,person,0.7054679989814758,2025-11-11T19:31:01.048657Z,/home/anas/drone_flood_ai/static/snapshots/person_a23fbcc7-441f-4d9b-8535-e5d69ef48bb6.jpg,47,
6bfe5ae6-2e7a-4fab-9bee-8fe5c48117ab,person,0.6911779642105103,2025-11-11T19:31:03.140914Z,/home/anas/drone_flood_ai/static/snapshots/person_6bfe5ae6-2e7a-4fab-9bee-8fe5c48117ab.jpg,47,
deda78ee-01ee-4140-be2d-83bf7d142550,person,0.7495123147964478,2025-11-11T19:31:05.215221Z,/home/anas/drone_flood_ai/static/snapshots/person_deda78ee-01ee-4140-be2d-83bf7d142550.jpg,47,
96ed195f-fff4-4e0e-ba9b-a9fe5dd630a4,person,0.48540571331977844,2025-11-11T19:31:08.381984Z,/home/anas/drone_flood_ai/static/snapshots/person_96ed195f-fff4-4e0e-ba9b-a9fe5dd630a4.jpg,47,
2578c3d1-0153-4fc8-81f1-dc7e4cb6fd7c,person,0.47251105308532715,2025-11-11T19:31:10.504039Z,/home/anas/drone_flood_ai/static/snapshots/person_2578c3d1-0153-4fc8-81f1-dc7e4cb6fd7c.jpg,47,
d06fb385-20e4-4b83-b49e-43396b177184,person,0.4662548899650574,2025-11-11T19:31:13.418987Z,/home/anas/drone_flood_ai/static/snapshots/person_d06fb385-20e4-4b83-b49e-43396b177184.jpg,47,
3841f5b9-9f79-4ba9-91d6-4466ace9f64b,person,0.5889330506324768,2025-11-11T19:31:17.348669Z,/home/anas/drone_flood_ai/static/snapshots/person_3841f5b9-9f79-4ba9-91d6-4466ace9f64b.jpg,47,
e5d948dd-5661-410c-b722-c8e955069fa2,person,0.6873838901519775,2025-11-11T19:31:21.279392Z,/home/anas/drone_flood_ai/static/snapshots/person_e5d948dd-5661-410c-b722-c8e955069fa2.jpg,47,
00d89ef4-84f1-4147-9b2e-5bc10446cddb,person,0.5031322836875916,2025-11-11T19:31:24.244019Z,/home/anas/drone_flood_ai/static/snapshots/person_00d89ef4-84f1-4147-9b2e-5bc10446cddb.jpg,47,
10800faa-dffc-4b93-b797-60171b8cdb1e,person,0.7403146028518677,2025-11-11T19:31:26.329534Z,/home/anas/drone_flood_ai/static/snapshots/person_10800faa-dffc-4b93-b797-60171b8cdb1e.jpg,47,
735e0f98-fbd1-4d6b-b401-10006aed6d02,person,0.8258435130119324,2025-11-11T19:31:28.450165Z,/home/anas/drone_flood_ai/static/snapshots/person_735e0f98-fbd1-4d6b-b401-10006aed6d02.jpg,47,
e13ebaf9-e01d-4b67-975e-e332e6c39348,person,0.7849512100219727,2025-11-11T19:31:30.512626Z,/home/anas/drone_flood_ai/static/snapshots/person_e13ebaf9-e01d-4b67-975e-e332e6c39348.jpg,47,
a9848fdb-45f1-46c3-938d-e2c38b1dc9bd,person,0.7160782217979431,2025-11-11T19:31:32.523446Z,/home/anas/drone_flood_ai/static/snapshots/person_a9848fdb-45f1-46c3-938d-e2c38b1dc9bd.jpg,47,
